Pos,Time
1,8:43:29
2,8:48:29
3,8:51:07
4,8:55:55
5,8:55:57
6,8:57:58
7,9:06:44
8,9:08:49
9,9:14:25
10,9:15:49
11,9:17:10
12,9:20:05
13,9:22:46
14,9:25:08
15,9:25:39
16,9:26:31
17,9:28:19
18,9:28:58
19,9:30:14
20,9:30:25
21,9:33:31
22,9:33:47
23,9:35:06
24,9:35:41
25,9:37:45
26,9:39:47
27,9:40:44
28,9:42:07
29,9:42:07
30,9:42:21
31,9:42:35
32,9:43:30
33,9:43:47
34,9:43:57
35,9:44:13
36,9:45:34
37,9:45:46
38,9:46:22
39,9:47:20
40,9:47:22
41,9:47:27
42,9:47:59
43,9:48:39
44,9:48:49
45,9:49:17
46,9:50:05
47,9:50:23
48,9:50:34
49,9:52:35
50,9:53:11
51,9:54:29
52,9:55:08
53,9:56:12
54,9:56:33
55,9:58:51
56,9:58:57
57,9:59:05
58,9:59:06
59,9:59:13
60,10:00:11
61,10:01:00
62,10:01:27
63,10:01:58
64,10:02:34
65,10:02:55
66,10:03:26
67,10:03:28
68,10:03:36
69,10:03:43
70,10:04:07
71,10:04:17
72,10:06:14
73,10:06:33
74,10:06:48
75,10:07:11
76,10:07:17
77,10:07:34
78,10:08:00
79,10:09:16
80,10:09:28
81,10:09:38
82,10:09:42
83,10:10:28
84,10:11:02
85,10:11:22
86,10:11:50
87,10:12:22
88,10:12:47
89,10:12:55
90,10:13:44
91,10:14:15
92,10:15:45
93,10:15:57
94,10:16:24
95,10:17:03
96,10:17:35
97,10:17:36
98,10:17:36
99,10:18:03
100,10:18:39
101,10:18:45
102,10:18:46
103,10:18:58
104,10:20:03
105,10:20:11
106,10:20:22
107,10:21:05
108,10:21:06
109,10:21:48
110,10:21:59
111,10:22:19
112,10:23:45
113,10:23:48
114,10:23:57
115,10:24:00
116,10:24:06
117,10:24:39
118,10:26:04
119,10:26:19
120,10:26:33
121,10:26:52
122,10:26:55
123,10:27:20
124,10:27:23
125,10:28:03
126,10:28:04
127,10:28:22
128,10:28:41
129,10:28:48
130,10:28:54
131,10:29:08
132,10:29:38
133,10:29:43
134,10:29:53
135,10:29:57
136,10:31:10
137,10:31:20
138,10:31:21
139,10:31:53
140,10:32:06
141,10:32:07
142,10:32:46
143,10:32:51
144,10:33:48
145,10:34:29
146,10:35:09
147,10:35:11
148,10:35:21
149,10:35:47
150,10:35:56
151,10:36:00
152,10:36:12
153,10:36:20
154,10:36:23
155,10:36:32
156,10:36:36
157,10:36:42
158,10:37:00
159,10:37:17
160,10:37:44
161,10:38:59
162,10:39:08
163,10:39:10
164,10:39:14
165,10:39:26
166,10:40:21
167,10:40:23
168,10:40:27
169,10:40:54
170,10:41:08
171,10:41:28
172,10:41:31
173,10:41:31
174,10:41:44
175,10:42:23
176,10:42:52
177,10:42:53
178,10:43:08
179,10:43:14
180,10:43:26
181,10:43:37
182,10:43:56
183,10:44:21
184,10:44:50
185,10:45:03
186,10:45:06
187,10:45:43
188,10:46:21
189,10:46:30
190,10:47:05
191,10:47:23
192,10:47:29
193,10:48:32
194,10:49:04
195,10:49:09
196,10:49:13
197,10:49:17
198,10:49:54
199,10:49:59
200,10:49:59
201,10:50:04
202,10:50:07
203,10:50:13
204,10:50:33
205,10:51:04
206,10:51:22
207,10:51:42
208,10:51:51
209,10:52:14
210,10:52:15
211,10:52:17
212,10:52:18
213,10:52:21
214,10:53:12
215,10:53:15
216,10:53:33
217,10:53:38
218,10:53:50
219,10:54:11
220,10:54:31
221,10:54:46
222,10:54:52
223,10:54:52
224,10:55:12
225,10:55:46
226,10:55:51
227,10:55:56
228,10:55:58
229,10:56:01
230,10:56:02
231,10:56:04
232,10:56:11
233,10:56:13
234,10:56:27
235,10:57:05
236,10:57:11
237,10:57:28
238,10:57:30
239,10:57:33
240,10:58:17
241,10:58:35
242,10:58:38
243,10:59:02
244,10:59:08
245,10:59:20
246,10:59:27
247,10:59:50
248,10:59:58
249,11:00:01
250,11:00:13
251,11:00:24
252,11:00:25
253,11:01:12
254,11:01:31
255,11:01:33
256,11:01:40
257,11:02:05
258,11:02:08
259,11:02:19
260,11:02:28
261,11:02:45
262,11:02:51
263,11:02:52
264,11:02:57
265,11:03:59
266,11:04:07
267,11:04:15
268,11:04:24
269,11:04:39
270,11:04:41
271,11:05:13
272,11:06:00
273,11:06:02
274,11:06:20
275,11:06:21
276,11:06:24
277,11:06:51
278,11:06:54
279,11:07:05
280,11:07:11
281,11:07:18
282,11:07:19
283,11:07:23
284,11:07:27
285,11:07:28
286,11:07:37
287,11:07:39
288,11:07:45
289,11:08:22
290,11:08:35
291,11:08:48
292,11:09:02
293,11:09:08
294,11:09:49
295,11:09:49
296,11:10:17
297,11:10:41
298,11:11:18
299,11:11:19
300,11:11:28
301,11:11:29
302,11:11:50
303,11:12:23
304,11:12:23
305,11:12:40
306,11:12:51
307,11:13:33
308,11:13:37
309,11:14:06
310,11:14:19
311,11:14:20
312,11:14:34
313,11:14:51
314,11:15:01
315,11:15:08
316,11:15:29
317,11:15:30
318,11:15:50
319,11:15:59
320,11:15:59
321,11:16:00
322,11:16:01
323,11:16:08
324,11:16:12
325,11:16:13
326,11:16:27
327,11:16:27
328,11:16:42
329,11:16:46
330,11:16:47
331,11:16:52
332,11:16:59
333,11:18:31
334,11:18:54
335,11:18:59
336,11:19:12
337,11:19:42
338,11:20:01
339,11:20:21
340,11:20:27
341,11:20:36
342,11:20:39
343,11:20:41
344,11:20:48
345,11:20:50
346,11:20:55
347,11:21:13
348,11:21:22
349,11:21:32
350,11:21:35
351,11:21:41
352,11:21:42
353,11:21:53
354,11:22:14
355,11:22:14
356,11:22:28
357,11:22:40
358,11:22:46
359,11:22:56
360,11:23:03
361,11:23:08
362,11:23:13
363,11:23:17
364,11:23:20
365,11:23:25
366,11:23:29
367,11:23:41
368,11:23:45
369,11:23:48
370,11:24:09
371,11:24:12
372,11:24:16
373,11:24:17
374,11:24:18
375,11:24:18
376,11:24:19
377,11:24:41
378,11:24:45
379,11:24:54
380,11:24:55
381,11:24:55
382,11:24:57
383,11:24:57
384,11:25:21
385,11:25:24
386,11:25:31
387,11:25:33
388,11:25:37
389,11:25:38
390,11:26:14
391,11:26:18
392,11:26:24
393,11:26:41
394,11:26:45
395,11:26:47
396,11:26:56
397,11:27:22
398,11:27:28
399,11:27:32
400,11:27:51
401,11:28:39
402,11:28:46
403,11:28:52
404,11:28:52
405,11:28:55
406,11:28:55
407,11:29:06
408,11:29:08
409,11:29:18
410,11:29:24
411,11:29:36
412,11:29:40
413,11:29:42
414,11:29:50
415,11:29:59
416,11:29:59
417,11:30:03
418,11:30:07
419,11:30:18
420,11:30:27
421,11:30:28
422,11:30:31
423,11:30:44
424,11:31:17
425,11:31:39
426,11:31:40
427,11:32:01
428,11:32:11
429,11:32:17
430,11:32:24
431,11:32:28
432,11:32:37
433,11:32:37
434,11:32:39
435,11:32:52
436,11:32:53
437,11:33:23
438,11:33:28
439,11:33:41
440,11:33:44
441,11:33:46
442,11:33:52
443,11:34:06
444,11:34:07
445,11:34:11
446,11:34:41
447,11:34:47
448,11:34:58
449,11:35:10
450,11:35:19
451,11:35:20
452,11:35:49
453,11:35:55
454,11:36:05
455,11:36:05
456,11:36:16
457,11:36:18
458,11:36:19
459,11:36:21
460,11:36:29
461,11:36:31
462,11:36:37
463,11:36:47
464,11:37:06
465,11:37:47
466,11:37:56
467,11:38:28
468,11:38:39
469,11:38:43
470,11:38:44
471,11:39:01
472,11:39:03
473,11:39:14
474,11:39:25
475,11:39:34
476,11:39:50
477,11:39:57
478,11:40:10
479,11:40:22
480,11:40:29
481,11:40:35
482,11:40:45
483,11:40:48
484,11:41:05
485,11:41:06
486,11:41:10
487,11:41:52
488,11:42:13
489,11:42:44
490,11:42:49
491,11:43:07
492,11:43:09
493,11:43:13
494,11:43:25
495,11:43:28
496,11:43:35
497,11:43:58
498,11:43:59
499,11:44:18
500,11:44:22
501,11:44:28
502,11:44:42
503,11:44:44
504,11:44:46
505,11:45:14
506,11:45:21
507,11:45:25
508,11:45:37
509,11:45:42
510,11:45:47
511,11:45:50
512,11:46:01
513,11:46:06
514,11:46:14
515,11:46:18
516,11:46:19
517,11:46:28
518,11:46:38
519,11:46:39
520,11:46:42
521,11:46:44
522,11:46:45
523,11:46:49
524,11:46:49
525,11:46:58
526,11:46:59
527,11:47:08
528,11:47:11
529,11:47:20
530,11:47:20
531,11:47:27
532,11:47:28
533,11:47:32
534,11:47:33
535,11:47:35
536,11:47:46
537,11:48:02
538,11:48:16
539,11:48:25
540,11:48:32
541,11:48:34
542,11:48:36
543,11:48:45
544,11:48:50
545,11:48:51
546,11:48:57
547,11:49:04
548,11:49:07
549,11:49:08
550,11:49:19
551,11:49:28
552,11:49:37
553,11:49:39
554,11:49:41
555,11:49:54
556,11:50:02
557,11:50:28
558,11:50:35
559,11:50:48
560,11:50:51
561,11:50:54
562,11:50:58
563,11:51:19
564,11:51:19
565,11:51:21
566,11:51:23
567,11:51:34
568,11:51:38
569,11:51:39
570,11:51:51
571,11:52:02
572,11:52:04
573,11:52:10
574,11:52:12
575,11:52:16
576,11:52:25
577,11:52:26
578,11:52:41
579,11:52:46
580,11:52:48
581,11:52:53
582,11:53:09
583,11:53:12
584,11:53:20
585,11:53:26
586,11:53:49
587,11:53:59
588,11:54:13
589,11:54:18
590,11:54:31
591,11:54:32
592,11:54:32
593,11:54:44
594,11:54:51
595,11:54:56
596,11:55:10
597,11:55:17
598,11:55:22
599,11:55:23
600,11:55:27
601,11:55:34
602,11:55:52
603,11:55:54
604,11:56:01
605,11:56:25
606,11:56:27
607,11:56:28
608,11:56:35
609,11:56:41
610,11:56:55
611,11:57:08
612,11:57:20
613,11:57:26
614,11:57:31
615,11:57:44
616,11:58:08
617,11:58:20
618,11:58:22
619,11:58:23
620,11:58:38
621,11:58:52
622,11:59:10
623,11:59:13
624,11:59:25
625,11:59:27
626,11:59:53
627,12:00:09
628,12:00:38
629,12:00:45
630,12:01:00
631,12:01:08
632,12:01:09
633,12:01:11
634,12:01:12
635,12:01:13
636,12:01:31
637,12:02:02
638,12:02:04
639,12:02:10
640,12:02:25
641,12:02:27
642,12:02:36
643,12:02:39
644,12:02:43
645,12:02:54
646,12:02:56
647,12:03:01
648,12:03:03
649,12:03:05
650,12:03:06
651,12:03:11
652,12:03:19
653,12:03:20
654,12:03:32
655,12:03:36
656,12:03:36
657,12:03:40
658,12:03:53
659,12:04:04
660,12:04:28
661,12:04:34
662,12:04:53
663,12:04:59
664,12:05:00
665,12:05:17
666,12:06:10
667,12:06:37
668,12:06:44
669,12:06:49
670,12:07:03
671,12:07:24
672,12:07:25
673,12:07:27
674,12:07:38
675,12:07:39
676,12:07:50
677,12:08:01
678,12:08:02
679,12:08:08
680,12:08:18
681,12:08:18
682,12:08:23
683,12:08:25
684,12:08:32
685,12:08:41
686,12:08:56
687,12:09:02
688,12:09:09
689,12:09:10
690,12:09:11
691,12:09:17
692,12:09:23
693,12:09:28
694,12:09:36
695,12:09:51
696,12:09:55
697,12:10:02
698,12:10:03
699,12:10:20
700,12:10:21
701,12:10:21
702,12:10:49
703,12:10:55
704,12:10:57
705,12:11:04
706,12:11:11
707,12:11:36
708,12:11:40
709,12:11:43
710,12:11:50
711,12:11:51
712,12:12:06
713,12:12:16
714,12:12:21
715,12:12:28
716,12:12:33
717,12:12:38
718,12:12:56
719,12:13:07
720,12:13:12
721,12:13:20
722,12:13:32
723,12:13:38
724,12:13:45
725,12:13:50
726,12:14:04
727,12:14:19
728,12:14:38
729,12:14:42
730,12:14:45
731,12:14:47
732,12:15:02
733,12:15:11
734,12:15:29
735,12:15:35
736,12:15:50
737,12:15:53
738,12:15:57
739,12:16:10
740,12:16:20
741,12:16:35
742,12:16:38
743,12:17:26
744,12:17:27
745,12:17:27
746,12:17:36
747,12:17:56
748,12:17:56
749,12:18:12
750,12:18:17
751,12:18:26
752,12:18:44
753,12:18:49
754,12:18:50
755,12:18:55
756,12:19:04
757,12:19:12
758,12:19:14
759,12:19:20
760,12:19:39
761,12:19:58
762,12:20:00
763,12:20:06
764,12:20:09
765,12:20:10
766,12:20:13
767,12:20:21
768,12:20:27
769,12:20:44
770,12:20:44
771,12:20:47
772,12:20:51
773,12:21:18
774,12:21:26
775,12:21:33
776,12:21:35
777,12:22:02
778,12:22:14
779,12:22:24
780,12:22:27
781,12:22:33
782,12:22:48
783,12:23:01
784,12:23:09
785,12:23:20
786,12:23:22
787,12:23:27
788,12:23:40
789,12:23:40
790,12:23:41
791,12:23:56
792,12:23:57
793,12:23:57
794,12:24:04
795,12:24:24
796,12:24:29
797,12:24:31
798,12:24:32
799,12:24:36
800,12:24:41
801,12:24:53
802,12:24:59
803,12:25:14
804,12:25:16
805,12:25:32
806,12:25:40
807,12:25:55
808,12:26:11
809,12:26:12
810,12:26:17
811,12:26:26
812,12:26:32
813,12:26:32
814,12:26:37
815,12:26:40
816,12:26:40
817,12:27:02
818,12:27:03
819,12:27:23
820,12:27:26
821,12:27:33
822,12:27:38
823,12:27:42
824,12:27:52
825,12:28:01
826,12:28:04
827,12:28:05
828,12:28:13
829,12:28:29
830,12:28:34
831,12:28:34
832,12:28:37
833,12:28:39
834,12:29:01
835,12:29:04
836,12:29:04
837,12:29:15
838,12:30:13
839,12:30:19
840,12:30:28
841,12:30:58
842,12:30:59
843,12:31:02
844,12:31:07
845,12:31:13
846,12:31:16
847,12:31:16
848,12:31:28
849,12:31:31
850,12:31:36
851,12:31:44
852,12:31:44
853,12:31:53
854,12:32:03
855,12:32:03
856,12:32:07
857,12:32:12
858,12:32:26
859,12:32:34
860,12:32:57
861,12:32:58
862,12:33:03
863,12:33:05
864,12:33:30
865,12:33:46
866,12:34:06
867,12:34:06
868,12:34:11
869,12:34:19
870,12:34:33
871,12:34:36
872,12:34:45
873,12:34:54
874,12:35:12
875,12:35:14
876,12:35:24
877,12:35:24
878,12:35:29
879,12:35:33
880,12:35:36
881,12:35:44
882,12:35:49
883,12:35:59
884,12:36:01
885,12:36:06
886,12:36:07
887,12:36:07
888,12:36:11
889,12:36:13
890,12:36:21
891,12:36:26
892,12:36:26
893,12:36:34
894,12:36:48
895,12:36:49
896,12:37:02
897,12:37:02
898,12:37:03
899,12:37:16
900,12:37:21
901,12:37:48
902,12:37:49
903,12:37:55
904,12:37:59
905,12:38:00
906,12:38:05
907,12:38:19
908,12:38:54
909,12:38:56
910,12:38:59
911,12:39:01
912,12:39:05
913,12:39:11
914,12:39:30
915,12:39:33
916,12:39:34
917,12:39:47
918,12:39:48
919,12:40:02
920,12:40:04
921,12:40:13
922,12:40:14
923,12:40:30
924,12:40:33
925,12:40:33
926,12:40:55
927,12:40:55
928,12:40:57
929,12:40:57
930,12:41:08
931,12:41:14
932,12:41:21
933,12:41:21
934,12:41:29
935,12:41:30
936,12:41:32
937,12:41:37
938,12:41:50
939,12:41:52
940,12:41:58
941,12:41:59
942,12:42:06
943,12:42:08
944,12:42:21
945,12:42:26
946,12:42:30
947,12:42:32
948,12:42:33
949,12:42:36
950,12:42:42
951,12:42:45
952,12:42:46
953,12:42:58
954,12:43:02
955,12:43:03
956,12:43:14
957,12:43:28
958,12:43:29
959,12:43:30
960,12:43:36
961,12:43:55
962,12:43:58
963,12:44:11
964,12:44:28
965,12:44:36
966,12:45:02
967,12:45:09
968,12:45:23
969,12:45:24
970,12:45:30
971,12:45:31
972,12:45:39
973,12:45:47
974,12:46:05
975,12:46:09
976,12:46:11
977,12:46:11
978,12:46:14
979,12:46:15
980,12:46:25
981,12:46:29
982,12:46:30
983,12:46:43
984,12:46:53
985,12:46:58
986,12:46:58
987,12:46:59
988,12:47:54
989,12:47:55
990,12:47:58
991,12:48:05
992,12:48:10
993,12:48:16
994,12:48:19
995,12:48:20
996,12:48:35
997,12:48:42
998,12:48:45
999,12:48:45
1000,12:48:53
1001,12:48:53
1002,12:48:59
1003,12:49:00
1004,12:49:17
1005,12:49:21
1006,12:49:21
1007,12:49:42
1008,12:49:43
1009,12:49:45
1010,12:49:59
1011,12:50:00
1012,12:50:05
1013,12:50:05
1014,12:50:08
1015,12:50:18
1016,12:50:27
1017,12:50:32
1018,12:50:33
1019,12:50:36
1020,12:50:36
1021,12:50:56
1022,12:51:00
1023,12:51:04
1024,12:51:08
1025,12:51:11
1026,12:51:11
1027,12:51:24
1028,12:51:25
1029,12:51:54
1030,12:52:07
1031,12:52:12
1032,12:52:14
1033,12:52:23
1034,12:52:27
1035,12:52:30
1036,12:52:35
1037,12:52:37
1038,12:52:47
1039,12:52:48
1040,12:52:54
1041,12:53:05
1042,12:53:23
1043,12:53:23
1044,12:53:25
1045,12:53:25
1046,12:53:30
1047,12:53:41
1048,12:53:59
1049,12:54:01
1050,12:54:06
1051,12:54:10
1052,12:54:21
1053,12:54:29
1054,12:54:35
1055,12:54:52
1056,12:54:55
1057,12:55:05
1058,12:55:14
1059,12:56:04
1060,12:56:25
1061,12:56:29
1062,12:56:34
1063,12:56:48
1064,12:56:51
1065,12:56:54
1066,12:57:04
1067,12:57:17
1068,12:57:18
1069,12:57:19
1070,12:57:40
1071,12:57:48
1072,12:57:49
1073,12:57:50
1074,12:57:50
1075,12:57:56
1076,12:58:18
1077,12:58:19
1078,12:58:27
1079,12:58:27
1080,12:58:41
1081,12:58:45
1082,12:58:58
1083,12:59:01
1084,12:59:04
1085,12:59:06
1086,12:59:21
1087,12:59:22
1088,12:59:27
1089,12:59:30
1090,12:59:30
1091,12:59:30
1092,12:59:31
1093,12:59:37
1094,12:59:38
1095,12:59:50
1096,13:00:01
1097,13:00:08
1098,13:00:11
1099,13:00:18
1100,13:00:23
1101,13:00:34
1102,13:00:34
1103,13:00:37
1104,13:00:40
1105,13:00:40
1106,13:00:47
1107,13:00:48
1108,13:00:48
1109,13:00:50
1110,13:01:05
1111,13:01:06
1112,13:01:15
1113,13:01:23
1114,13:01:25
1115,13:01:39
1116,13:01:52
1117,13:01:58
1118,13:01:59
1119,13:02:09
1120,13:02:20
1121,13:02:34
1122,13:02:52
1123,13:02:55
1124,13:02:58
1125,13:03:02
1126,13:03:07
1127,13:03:08
1128,13:03:12
1129,13:03:16
1130,13:03:17
1131,13:03:19
1132,13:03:37
1133,13:04:10
1134,13:04:28
1135,13:04:29
1136,13:04:39
1137,13:04:42
1138,13:04:50
1139,13:04:53
1140,13:04:56
1141,13:05:03
1142,13:05:05
1143,13:05:06
1144,13:05:08
1145,13:05:10
1146,13:05:16
1147,13:05:18
1148,13:05:23
1149,13:05:30
1150,13:05:37
1151,13:05:49
1152,13:06:00
1153,13:06:06
1154,13:06:08
1155,13:06:25
1156,13:06:26
1157,13:06:34
1158,13:06:37
1159,13:06:42
1160,13:06:47
1161,13:06:57
1162,13:07:19
1163,13:07:24
1164,13:07:25
1165,13:07:47
1166,13:07:56
1167,13:08:15
1168,13:08:23
1169,13:08:24
1170,13:08:36
1171,13:08:37
1172,13:08:40
1173,13:08:42
1174,13:08:45
1175,13:09:01
1176,13:09:03
1177,13:09:06
1178,13:09:10
1179,13:09:28
1180,13:09:43
1181,13:09:46
1182,13:09:54
1183,13:09:59
1184,13:10:00
1185,13:10:02
1186,13:10:04
1187,13:10:06
1188,13:10:18
1189,13:10:40
1190,13:10:42
1191,13:10:49
1192,13:10:58
1193,13:11:06
1194,13:11:18
1195,13:11:20
1196,13:11:20
1197,13:11:26
1198,13:11:37
1199,13:11:46
1200,13:11:51
1201,13:12:01
1202,13:12:18
1203,13:12:20
1204,13:12:32
1205,13:12:35
1206,13:12:38
1207,13:12:47
1208,13:12:51
1209,13:12:54
1210,13:13:02
1211,13:13:03
1212,13:13:03
1213,13:13:10
1214,13:13:19
1215,13:13:37
1216,13:13:55
1217,13:14:17
1218,13:14:40
1219,13:14:44
1220,13:14:49
1221,13:14:55
1222,13:15:14
1223,13:15:15
1224,13:15:18
1225,13:15:19
1226,13:15:24
1227,13:15:35
1228,13:15:36
1229,13:15:40
1230,13:16:18
1231,13:16:20
1232,13:16:45
1233,13:16:53
1234,13:16:53
1235,13:16:59
1236,13:17:00
1237,13:17:07
1238,13:17:10
1239,13:17:10
1240,13:17:12
1241,13:17:13
1242,13:17:14
1243,13:17:40
1244,13:17:41
1245,13:17:50
1246,13:18:25
1247,13:18:45
1248,13:18:50
1249,13:19:00
1250,13:19:04
1251,13:19:08
1252,13:19:18
1253,13:19:27
1254,13:19:28
1255,13:19:40
1256,13:19:44
1257,13:19:58
1258,13:20:10
1259,13:20:13
1260,13:20:18
1261,13:20:21
1262,13:20:22
1263,13:20:33
1264,13:20:37
1265,13:20:49
1266,13:20:51
1267,13:21:16
1268,13:21:16
1269,13:21:18
1270,13:21:22
1271,13:21:25
1272,13:21:40
1273,13:21:51
1274,13:21:52
1275,13:21:53
1276,13:22:02
1277,13:22:02
1278,13:22:27
1279,13:22:31
1280,13:22:40
1281,13:22:51
1282,13:22:56
1283,13:23:16
1284,13:23:20
1285,13:23:28
1286,13:23:30
1287,13:23:41
1288,13:23:48
1289,13:23:52
1290,13:24:16
1291,13:24:25
1292,13:24:39
1293,13:24:41
1294,13:24:51
1295,13:25:19
1296,13:25:26
1297,13:25:31
1298,13:25:46
1299,13:25:57
1300,13:25:58
1301,13:26:00
1302,13:26:09
1303,13:26:39
1304,13:26:42
1305,13:26:46
1306,13:26:55
1307,13:27:30
1308,13:27:32
1309,13:27:36
1310,13:27:46
1311,13:27:47
1312,13:27:50
1313,13:27:51
1314,13:28:00
1315,13:28:16
1316,13:28:18
1317,13:28:35
1318,13:28:44
1319,13:28:53
1320,13:29:31
1321,13:29:39
1322,13:29:44
1323,13:29:47
1324,13:29:53
1325,13:29:56
1326,13:30:02
1327,13:30:09
1328,13:30:10
1329,13:30:25
1330,13:30:33
1331,13:30:39
1332,13:30:52
1333,13:30:53
1334,13:31:01
1335,13:31:09
1336,13:31:11
1337,13:31:14
1338,13:31:27
1339,13:31:31
1340,13:31:39
1341,13:31:39
1342,13:31:52
1343,13:32:34
1344,13:32:39
1345,13:32:57
1346,13:33:02
1347,13:33:21
1348,13:33:27
1349,13:33:38
1350,13:33:41
1351,13:34:00
1352,13:34:07
1353,13:34:09
1354,13:34:11
1355,13:34:25
1356,13:34:26
1357,13:34:34
1358,13:35:19
1359,13:35:30
1360,13:35:30
1361,13:35:32
1362,13:35:33
1363,13:35:50
1364,13:35:57
1365,13:35:58
1366,13:35:59
1367,13:36:04
1368,13:36:11
1369,13:36:12
1370,13:36:17
1371,13:36:48
1372,13:36:51
1373,13:36:53
1374,13:36:55
1375,13:36:58
1376,13:36:59
1377,13:37:10
1378,13:37:12
1379,13:37:23
1380,13:37:25
1381,13:37:26
1382,13:37:37
1383,13:37:40
1384,13:37:57
1385,13:38:06
1386,13:38:08
1387,13:38:09
1388,13:38:11
1389,13:38:18
1390,13:38:23
1391,13:38:36
1392,13:39:02
1393,13:39:06
1394,13:39:14
1395,13:39:19
1396,13:39:22
1397,13:39:24
1398,13:39:33
1399,13:39:36
1400,13:39:43
1401,13:39:43
1402,13:40:08
1403,13:40:11
1404,13:40:11
1405,13:40:26
1406,13:40:28
1407,13:40:28
1408,13:40:31
1409,13:40:31
1410,13:40:33
1411,13:40:36
1412,13:40:49
1413,13:40:51
1414,13:40:54
1415,13:40:56
1416,13:41:04
1417,13:41:09
1418,13:41:11
1419,13:41:18
1420,13:41:19
1421,13:41:35
1422,13:41:46
1423,13:41:49
1424,13:41:50
1425,13:41:51
1426,13:41:57
1427,13:42:04
1428,13:42:07
1429,13:42:08
1430,13:42:10
1431,13:42:13
1432,13:42:20
1433,13:42:22
1434,13:42:26
1435,13:42:26
1436,13:42:31
1437,13:42:43
1438,13:42:46
1439,13:42:51
1440,13:43:00
1441,13:43:02
1442,13:43:02
1443,13:43:07
1444,13:43:13
1445,13:43:16
1446,13:43:18
1447,13:43:20
1448,13:43:32
1449,13:43:33
1450,13:43:40
1451,13:43:43
1452,13:43:46
1453,13:43:48
1454,13:43:53
1455,13:44:05
1456,13:44:07
1457,13:44:08
1458,13:44:18
1459,13:44:44
1460,13:44:59
1461,13:45:18
1462,13:45:20
1463,13:45:24
1464,13:45:24
1465,13:45:28
1466,13:45:31
1467,13:45:53
1468,13:46:17
1469,13:46:37
1470,13:46:38
1471,13:46:53
1472,13:46:58
1473,13:47:03
1474,13:47:06
1475,13:47:11
1476,13:47:12
1477,13:47:13
1478,13:47:32
1479,13:47:33
1480,13:47:33
1481,13:47:48
1482,13:47:49
1483,13:47:53
1484,13:47:56
1485,13:48:11
1486,13:48:12
1487,13:48:23
1488,13:48:32
1489,13:48:47
1490,13:49:03
1491,13:49:13
1492,13:49:14
1493,13:49:19
1494,13:49:21
1495,13:49:23
1496,13:49:24
1497,13:49:28
1498,13:49:29
1499,13:49:41
1500,13:49:53
1501,13:50:01
1502,13:50:02
1503,13:50:22
1504,13:50:30
1505,13:50:30
1506,13:50:44
1507,13:50:45
1508,13:50:51
1509,13:50:53
1510,13:50:54
1511,13:50:58
1512,13:51:19
1513,13:51:25
1514,13:51:33
1515,13:51:56
1516,13:51:59
1517,13:52:07
1518,13:52:13
1519,13:52:20
1520,13:52:20
1521,13:52:30
1522,13:52:31
1523,13:52:44
1524,13:53:02
1525,13:53:13
1526,13:53:27
1527,13:53:28
1528,13:53:29
1529,13:53:30
1530,13:53:31
1531,13:53:49
1532,13:53:57
1533,13:54:06
1534,13:54:09
1535,13:54:14
1536,13:54:19
1537,13:54:22
1538,13:54:28
1539,13:54:55
1540,13:55:02
1541,13:55:07
1542,13:55:11
1543,13:55:16
1544,13:55:24
1545,13:55:40
1546,13:55:58
1547,13:56:07
1548,13:56:23
1549,13:56:27
1550,13:56:28
1551,13:56:34
1552,13:56:43
1553,13:56:52
1554,13:56:58
1555,13:57:09
1556,13:57:22
1557,13:57:38
1558,13:57:44
1559,13:57:46
1560,13:57:57
1561,13:58:04
1562,13:58:23
1563,13:58:32
1564,13:58:39
1565,13:58:53
1566,13:58:53
1567,13:58:54
1568,13:59:05
1569,13:59:08
1570,13:59:23
1571,13:59:26
1572,13:59:38
1573,13:59:44
1574,13:59:47
1575,13:59:47
1576,13:59:57
1577,14:00:16
1578,14:00:25
1579,14:00:26
1580,14:00:31
1581,14:00:34
1582,14:00:40
1583,14:00:40
1584,14:00:44
1585,14:00:53
1586,14:00:59
1587,14:01:10
1588,14:01:29
1589,14:01:39
1590,14:01:49
1591,14:02:12
1592,14:02:21
1593,14:02:37
1594,14:02:43
1595,14:02:49
1596,14:02:53
1597,14:03:01
1598,14:03:03
1599,14:03:09
1600,14:03:14
1601,14:03:15
1602,14:03:20
1603,14:03:20
1604,14:03:34
1605,14:03:36
1606,14:03:48
1607,14:03:51
1608,14:04:19
1609,14:04:21
1610,14:04:22
1611,14:04:26
1612,14:04:48
1613,14:04:53
1614,14:05:03
1615,14:05:11
1616,14:05:15
1617,14:05:18
1618,14:05:20
1619,14:05:44
1620,14:05:52
1621,14:05:53
1622,14:06:02
1623,14:06:02
1624,14:06:04
1625,14:06:21
1626,14:06:29
1627,14:06:53
1628,14:06:55
1629,14:06:55
1630,14:07:08
1631,14:07:22
1632,14:07:32
1633,14:07:41
1634,14:07:51
1635,14:07:58
1636,14:08:03
1637,14:08:05
1638,14:08:06
1639,14:08:08
1640,14:08:15
1641,14:08:18
1642,14:08:21
1643,14:08:23
1644,14:08:43
1645,14:09:04
1646,14:09:13
1647,14:09:15
1648,14:09:34
1649,14:09:37
1650,14:09:39
1651,14:09:51
1652,14:10:05
1653,14:10:05
1654,14:10:07
1655,14:10:09
1656,14:10:17
1657,14:10:18
1658,14:10:18
1659,14:10:37
1660,14:10:44
1661,14:10:53
1662,14:10:55
1663,14:11:27
1664,14:11:32
1665,14:11:42
1666,14:11:54
1667,14:11:57
1668,14:12:08
1669,14:12:24
1670,14:12:27
1671,14:12:46
1672,14:12:51
1673,14:12:57
1674,14:13:08
1675,14:13:20
1676,14:13:27
1677,14:13:28
1678,14:13:33
1679,14:13:36
1680,14:13:38
1681,14:13:46
1682,14:13:56
1683,14:14:12
1684,14:14:12
1685,14:14:19
1686,14:14:22
1687,14:14:23
1688,14:14:31
1689,14:14:34
1690,14:14:45
1691,14:14:47
1692,14:15:09
1693,14:15:12
1694,14:15:28
1695,14:15:57
1696,14:16:02
1697,14:16:14
1698,14:16:25
1699,14:16:29
1700,14:16:40
1701,14:16:45
1702,14:17:02
1703,14:17:05
1704,14:17:13
1705,14:17:18
1706,14:17:19
1707,14:17:55
1708,14:18:01
1709,14:18:03
1710,14:18:17
1711,14:18:27
1712,14:18:41
1713,14:18:55
1714,14:18:56
1715,14:19:10
1716,14:19:12
1717,14:19:14
1718,14:19:24
1719,14:19:26
1720,14:19:28
1721,14:19:42
1722,14:19:52
1723,14:19:55
1724,14:19:58
1725,14:20:00
1726,14:20:10
1727,14:20:18
1728,14:20:23
1729,14:20:24
1730,14:20:42
1731,14:20:50
1732,14:20:51
1733,14:21:19
1734,14:21:21
1735,14:21:26
1736,14:21:27
1737,14:21:28
1738,14:21:39
1739,14:21:44
1740,14:21:44
1741,14:21:53
1742,14:22:01
1743,14:22:16
1744,14:22:19
1745,14:22:19
1746,14:22:30
1747,14:22:47
1748,14:22:51
1749,14:22:56
1750,14:23:00
1751,14:23:29
1752,14:23:29
1753,14:23:42
1754,14:23:48
1755,14:23:52
1756,14:23:58
1757,14:24:08
1758,14:24:16
1759,14:24:27
1760,14:24:47
1761,14:24:59
1762,14:25:07
1763,14:25:08
1764,14:25:15
1765,14:25:48
1766,14:25:48
1767,14:25:49
1768,14:26:06
1769,14:26:07
1770,14:26:12
1771,14:26:33
1772,14:26:38
1773,14:26:55
1774,14:27:00
1775,14:27:22
1776,14:27:30
1777,14:27:35
1778,14:27:39
1779,14:28:14
1780,14:28:29
1781,14:28:53
1782,14:28:53
1783,14:28:55
1784,14:29:01
1785,14:29:28
1786,14:29:32
1787,14:29:48
1788,14:29:56
1789,14:30:03
1790,14:30:07
1791,14:30:12
1792,14:30:14
1793,14:30:31
1794,14:30:40
1795,14:30:46
1796,14:31:02
1797,14:31:04
1798,14:31:23
1799,14:31:26
1800,14:31:28
1801,14:31:47
1802,14:32:09
1803,14:32:22
1804,14:32:29
1805,14:32:40
1806,14:32:50
1807,14:32:54
1808,14:32:55
1809,14:32:57
1810,14:32:59
1811,14:33:16
1812,14:33:40
1813,14:33:45
1814,14:34:03
1815,14:34:25
1816,14:34:30
1817,14:34:30
1818,14:34:39
1819,14:34:47
1820,14:34:53
1821,14:35:00
1822,14:35:01
1823,14:35:01
1824,14:35:22
1825,14:35:23
1826,14:35:48
1827,14:35:50
1828,14:36:15
1829,14:36:36
1830,14:36:40
1831,14:36:41
1832,14:36:47
1833,14:36:52
1834,14:36:58
1835,14:37:00
1836,14:37:02
1837,14:37:05
1838,14:37:05
1839,14:37:09
1840,14:37:30
1841,14:37:37
1842,14:37:46
1843,14:37:47
1844,14:37:49
1845,14:37:56
1846,14:37:58
1847,14:38:08
1848,14:38:15
1849,14:38:19
1850,14:38:34
1851,14:38:38
1852,14:38:43
1853,14:39:02
1854,14:39:10
1855,14:39:22
1856,14:39:26
1857,14:39:39
1858,14:39:42
1859,14:39:43
1860,14:39:54
1861,14:39:55
1862,14:40:13
1863,14:40:36
1864,14:40:59
1865,14:40:59
1866,14:41:01
1867,14:41:11
1868,14:41:18
1869,14:41:22
1870,14:41:24
1871,14:41:38
1872,14:41:54
1873,14:42:24
1874,14:42:37
1875,14:43:06
1876,14:43:16
1877,14:43:21
1878,14:43:23
1879,14:43:32
1880,14:43:35
1881,14:44:10
1882,14:44:10
1883,14:44:15
1884,14:44:26
1885,14:44:49
1886,14:44:50
1887,14:44:53
1888,14:45:02
1889,14:45:19
1890,14:45:21
1891,14:46:01
1892,14:46:06
1893,14:46:10
1894,14:46:10
1895,14:46:22
1896,14:46:22
1897,14:46:41
1898,14:46:48
1899,14:46:49
1900,14:46:51
1901,14:47:05
1902,14:47:16
1903,14:47:47
1904,14:47:51
1905,14:48:08
1906,14:48:17
1907,14:48:40
1908,14:48:40
1909,14:48:52
1910,14:49:09
1911,14:49:14
1912,14:49:37
1913,14:50:00
1914,14:50:00
1915,14:50:21
1916,14:51:07
1917,14:51:08
1918,14:51:08
1919,14:51:24
1920,14:51:28
1921,14:51:44
1922,14:51:51
1923,14:51:54
1924,14:51:56
1925,14:52:02
1926,14:52:35
1927,14:52:46
1928,14:52:50
1929,14:52:50
1930,14:52:56
1931,14:53:06
1932,14:53:25
1933,14:53:42
1934,14:53:50
1935,14:53:51
1936,14:54:01
1937,14:54:06
1938,14:54:18
1939,14:54:30
1940,14:54:31
1941,14:54:44
1942,14:54:45
1943,14:55:03
1944,14:55:10
1945,14:55:19
1946,14:55:27
1947,14:55:45
1948,14:55:57
1949,14:56:01
1950,14:56:07
1951,14:56:36
1952,14:56:48
1953,14:57:20
1954,14:57:24
1955,14:57:37
1956,14:57:38
1957,14:57:57
1958,14:58:01
1959,14:58:11
1960,14:58:24
1961,14:58:33
1962,14:58:56
1963,14:59:11
1964,14:59:49
1965,14:59:58
1966,15:00:08
1967,15:00:17
1968,15:00:24
1969,15:00:32
1970,15:00:51
1971,15:00:55
1972,15:01:13
1973,15:01:23
1974,15:01:27
1975,15:01:36
1976,15:02:21
1977,15:02:33
1978,15:02:41
1979,15:03:02
1980,15:03:25
1981,15:03:33
1982,15:03:35
1983,15:04:03
1984,15:04:15
1985,15:04:18
1986,15:04:38
1987,15:04:56
1988,15:05:22
1989,15:05:29
1990,15:05:56
1991,15:06:49
1992,15:07:09
1993,15:07:13
1994,15:07:33
1995,15:07:43
1996,15:07:55
1997,15:08:31
1998,15:08:43
1999,15:08:53
2000,15:09:20
2001,15:09:28
2002,15:10:02
2003,15:10:24
2004,15:10:47
2005,15:11:02
2006,15:11:12
2007,15:11:13
2008,15:11:35
2009,15:11:39
2010,15:11:50
2011,15:11:54
2012,15:12:09
2013,15:12:14
2014,15:12:15
2015,15:12:45
2016,15:13:23
2017,15:13:33
2018,15:13:34
2019,15:14:05
2020,15:14:26
2021,15:14:44
2022,15:15:08
2023,15:15:17
2024,15:15:53
2025,15:15:55
2026,15:16:31
2027,15:16:38
2028,15:16:56
2029,15:17:19
2030,15:17:31
2031,15:17:49
2032,15:18:17
2033,15:18:39
2034,15:19:10
2035,15:19:23
2036,15:19:50
2037,15:20:16
2038,15:20:32
2039,15:20:36
2040,15:20:50
2041,15:21:13
2042,15:21:18
2043,15:21:20
2044,15:22:00
2045,15:23:13
2046,15:23:15
2047,15:23:20
2048,15:23:23
2049,15:23:34
2050,15:23:39
2051,15:23:44
2052,15:23:59
2053,15:24:07
2054,15:24:09
2055,15:24:09
2056,15:24:18
2057,15:24:58
2058,15:25:13
2059,15:25:31
2060,15:25:33
2061,15:26:07
2062,15:26:34
2063,15:26:53
2064,15:26:59
2065,15:27:03
2066,15:27:14
2067,15:27:22
2068,15:27:40
2069,15:28:08
2070,15:28:30
2071,15:28:32
2072,15:29:19
2073,15:29:22
2074,15:29:22
2075,15:29:30
2076,15:29:50
2077,15:30:09
2078,15:30:13
2079,15:30:13
2080,15:30:30
2081,15:30:35
2082,15:31:08
2083,15:31:19
2084,15:31:27
2085,15:31:29
2086,15:31:33
2087,15:31:40
2088,15:31:52
2089,15:32:00
2090,15:32:00
2091,15:32:50
2092,15:33:32
2093,15:33:36
2094,15:33:38
2095,15:33:39
2096,15:33:50
2097,15:33:53
2098,15:34:06
2099,15:34:07
2100,15:34:10
2101,15:34:14
2102,15:34:20
2103,15:34:22
2104,15:34:45
2105,15:35:21
2106,15:35:24
2107,15:35:35
2108,15:35:42
2109,15:35:56
2110,15:36:12
2111,15:36:36
2112,15:36:58
2113,15:37:10
2114,15:38:13
2115,15:38:22
2116,15:38:39
2117,15:39:28
2118,15:39:37
2119,15:39:50
2120,15:40:05
2121,15:40:05
2122,15:40:20
2123,15:40:31
2124,15:40:48
2125,15:40:59
2126,15:41:05
2127,15:41:24
2128,15:41:29
2129,15:42:04
2130,15:42:17
2131,15:42:48
2132,15:42:50
2133,15:42:51
2134,15:43:10
2135,15:43:25
2136,15:43:38
2137,15:43:47
2138,15:43:47
2139,15:44:00
2140,15:44:23
2141,15:44:27
2142,15:44:39
2143,15:45:16
2144,15:45:22
2145,15:45:28
2146,15:45:30
2147,15:45:34
2148,15:46:08
2149,15:46:29
2150,15:46:39
2151,15:46:47
2152,15:46:53
2153,15:46:56
2154,15:47:11
2155,15:47:18
2156,15:47:22
2157,15:47:25
2158,15:47:26
2159,15:47:39
2160,15:47:39
2161,15:47:48
2162,15:47:54
2163,15:48:14
2164,15:48:52
2165,15:48:59
2166,15:49:36
2167,15:49:46
2168,15:49:54
2169,15:50:37
2170,15:50:42
2171,15:52:06
2172,15:53:11
2173,15:53:21
2174,15:53:23
2175,15:53:27
2176,15:54:10
2177,15:54:24
2178,15:54:38
2179,15:55:08
2180,15:55:59
2181,15:56:36
2182,15:56:46
2183,15:56:51
2184,15:57:16
2185,15:58:41
2186,15:58:50
2187,15:58:56
2188,15:59:12
2189,15:59:13
2190,15:59:59
2191,16:00:05
2192,16:00:17
2193,16:00:35
2194,16:00:40
2195,16:00:47
2196,16:01:31
2197,16:01:55
2198,16:02:36
2199,16:02:36
2200,16:02:38
2201,16:03:07
2202,16:03:28
2203,16:04:30
2204,16:05:21
2205,16:05:30
2206,16:05:40
2207,16:05:50
2208,16:06:05
2209,16:06:12
2210,16:06:18
2211,16:06:33
2212,16:06:39
2213,16:06:41
2214,16:06:41
2215,16:06:57
2216,16:07:06
2217,16:07:11
2218,16:07:41
2219,16:07:53
2220,16:08:20
2221,16:08:33
2222,16:08:37
2223,16:08:57
2224,16:09:15
2225,16:10:16
2226,16:10:25
2227,16:10:32
2228,16:10:34
2229,16:11:08
2230,16:11:52
2231,16:11:53
2232,16:12:35
2233,16:13:06
2234,16:13:07
2235,16:13:12
2236,16:13:13
2237,16:13:26
2238,16:13:29
2239,16:14:02
2240,16:14:26
2241,16:14:38
2242,16:15:15
2243,16:15:31
2244,16:15:38
2245,16:15:41
2246,16:16:20
2247,16:16:42
2248,16:17:06
2249,16:17:08
2250,16:17:14
2251,16:18:19
2252,16:18:25
2253,16:18:38
2254,16:19:49
2255,16:19:49
2256,16:19:52
2257,16:20:34
2258,16:21:01
2259,16:21:26
2260,16:21:26
2261,16:21:32
2262,16:21:33
2263,16:21:35
2264,16:21:58
2265,16:21:58
2266,16:22:37
2267,16:22:48
2268,16:22:50
2269,16:23:03
2270,16:23:09
2271,16:23:32
2272,16:23:59
2273,16:24:52
2274,16:24:53
2275,16:25:08
2276,16:25:14
2277,16:25:15
2278,16:26:20
2279,16:26:43
2280,16:26:43
2281,16:27:11
2282,16:27:21
2283,16:27:46
2284,16:27:54
2285,16:27:54
2286,16:27:55
2287,16:28:21
2288,16:28:30
2289,16:28:35
2290,16:29:32
2291,16:29:34
2292,16:29:48
2293,16:30:01
2294,16:30:19
2295,16:31:02
2296,16:31:32
2297,16:31:42
2298,16:32:19
2299,16:32:22
2300,16:32:42
2301,16:32:43
2302,16:33:34
2303,16:33:39
2304,16:33:51
2305,16:33:56
2306,16:34:05
2307,16:34:15
2308,16:34:24
2309,16:34:33
2310,16:35:05
2311,16:35:10
2312,16:35:43
2313,16:36:22
2314,16:36:48
2315,16:37:07
2316,16:38:06
2317,16:38:17
2318,16:38:24
2319,16:39:40
2320,16:39:54
2321,16:40:12
2322,16:40:20
2323,16:41:22
2324,16:41:46
2325,16:42:15
2326,16:42:28
2327,16:42:30
2328,16:42:40
2329,16:43:34
2330,16:43:46
2331,16:43:50
2332,16:43:52
2333,16:43:58
2334,16:44:31
2335,16:44:57
2336,16:45:31
2337,16:45:39
2338,16:45:48
2339,16:46:16
2340,16:47:21
2341,16:48:08
2342,16:48:12
2343,16:49:33
2344,16:49:51
2345,16:50:22
2346,16:50:54
2347,16:51:24
2348,16:51:27
2349,16:52:23
2350,16:52:29
2351,16:52:36
2352,16:52:49
2353,16:52:51
2354,16:57:29
2355,
2356,17:01:20
2357,17:01:43
2358,17:01:59
2359,17:03:40
2360,17:04:14
2361,17:05:51
2362,17:07:23
2363,17:08:08
2364,17:08:51
2365,17:09:48
2366,17:11:12
2367,17:15:18
2368,17:15:26
2369,17:19:31
2370,17:26:16
2371,17:29:38
2372,
2373,
2374,
2375,
2376,
2377,
2378,
2379,
2380,
2381,
2382,
2383,
2384,
2385,
2386,
2387,
2388,
2389,
2390,
2391,
2392,
2393,
2394,
2395,
2396,
2397,
2398,
2399,
2400,
2401,
2402,
2403,
2404,
2405,
2406,
2407,
2408,
2409,
2410,
2411,
2412,
2413,
2414,
2415,
2416,
2417,
2418,
2419,
2420,
2421,
2422,
2423,
2424,
2425,
2426,
2427,
2428,
2429,
2430,
2431,
2432,
2433,
2434,
2435,
2436,
2437,
2438,
2439,
2440,
2441,
2442,
2443,
2444,
2445,
2446,
2447,
2448,
2449,
2450,
2451,
2452,
2453,
2454,
2455,
2456,
2457,
2458,
2459,
2460,
2461,
2462,
2463,
2464,
2465,
2466,
2467,
2468,
2469,
2470,
2471,
2472,
2473,
2474,
2475,
2476,
2477,
2478,
2479,
2480,
2481,
2482,
2483,
2484,
2485,
2486,
2487,
2488,
2489,
2490,
2491,
2492,
2493,
2494,
2495,
2496,12:40:30
2497,12:57:22
2498,
1,8:13:21
2,8:36:54
3,8:42:23
4,8:51:26
5,8:55:54
6,8:56:25
7,8:59:22
8,9:07:23
9,9:07:40
10,9:14:07
11,9:21:16
12,9:22:32
13,9:25:23
14,9:25:29
15,9:30:48
16,9:31:28
17,9:33:15
18,9:33:53
19,9:34:03
20,9:34:11
21,9:34:57
22,9:36:47
23,9:38:14
24,9:38:54
25,9:40:04
26,9:41:47
27,9:43:39
28,9:43:47
29,9:44:07
30,9:44:58
31,9:45:06
32,9:48:11
33,9:48:31
34,9:50:26
35,9:51:38
36,9:52:03
37,9:52:21
38,9:52:45
39,9:53:11
40,9:55:01
41,9:55:02
42,9:55:41
43,9:56:02
44,9:56:39
45,9:56:50
46,9:56:59
47,9:59:20
48,9:59:37
49,10:00:07
50,10:00:27
51,10:01:35
52,10:02:15
53,10:04:09
54,10:05:05
55,10:05:20
56,10:05:59
57,10:06:22
58,10:06:53
59,10:07:52
60,10:08:09
61,10:09:06
62,10:09:20
63,10:09:34
64,10:12:32
65,10:12:33
66,10:12:38
67,10:12:56
68,10:13:11
69,10:13:16
70,10:13:17
71,10:13:43
72,10:14:19
73,10:14:37
74,10:14:43
75,10:16:27
76,10:16:49
77,10:17:44
78,10:19:15
79,10:19:20
80,10:19:42
81,10:19:43
82,10:19:46
83,10:20:04
84,10:20:34
85,10:21:02
86,10:21:43
87,10:22:49
88,10:23:54
89,10:24:02
90,10:24:26
91,10:25:28
92,10:25:54
93,10:26:24
94,10:26:50
95,10:26:52
96,10:27:07
97,10:29:05
98,10:29:44
99,10:30:03
100,10:30:57
101,10:31:32
102,10:31:58
103,10:32:58
104,10:33:11
105,10:33:21
106,10:33:30
107,10:34:37
108,10:34:39
109,10:34:45
110,10:35:20
111,10:35:37
112,10:35:45
113,10:35:58
114,10:36:07
115,10:36:22
116,10:36:51
117,10:37:50
118,10:37:51
119,10:38:26
120,10:39:08
121,10:39:24
122,10:39:28
123,10:39:32
124,10:40:10
125,10:40:35
126,10:42:07
127,10:42:42
128,10:43:51
129,10:44:05
130,10:44:09
131,10:44:11
132,10:45:32
133,10:45:39
134,10:47:22
135,10:47:26
136,10:48:13
137,10:48:17
138,10:48:37
139,10:49:55
140,10:50:17
141,10:50:32
142,10:50:35
143,10:50:40
144,10:50:49
145,10:51:06
146,10:51:17
147,10:51:38
148,10:52:46
149,10:53:20
150,10:53:26
151,10:53:54
152,10:54:25
153,10:54:43
154,10:54:48
155,10:54:52
156,10:54:58
157,10:55:10
158,10:55:30
159,10:55:34
160,10:55:35
161,10:55:41
162,10:55:59
163,10:55:59
164,10:56:04
165,10:56:43
166,10:57:07
167,10:57:16
168,10:57:16
169,10:57:50
170,10:58:04
171,10:58:12
172,10:58:18
173,10:58:39
174,10:58:45
175,10:58:59
176,10:59:39
177,10:59:46
178,10:59:57
179,11:00:00
180,11:00:58
181,11:01:03
182,11:01:25
183,11:01:34
184,11:01:57
185,11:02:10
186,11:02:31
187,11:03:05
188,11:04:26
189,11:04:29
190,11:04:41
191,11:04:43
192,11:04:55
193,11:05:13
194,11:05:15
195,11:06:09
196,11:06:46
197,11:07:01
198,11:07:34
199,11:07:40
200,11:07:42
201,11:08:03
202,11:08:15
203,11:08:22
204,11:08:33
205,11:08:34
206,11:08:36
207,11:08:42
208,11:08:43
209,11:08:43
210,11:08:59
211,11:09:00
212,11:09:11
213,11:09:46
214,11:10:09
215,11:10:34
216,11:10:35
217,11:10:37
218,11:10:47
219,11:12:01
220,11:12:04
221,11:12:14
222,11:12:43
223,11:13:02
224,11:13:08
225,11:13:19
226,11:13:20
227,11:14:55
228,11:15:04
229,11:15:07
230,11:15:37
231,11:15:41
232,11:16:05
233,11:16:18
234,11:16:19
235,11:16:44
236,11:16:52
237,11:16:54
238,11:16:58
239,11:17:55
240,11:18:38
241,11:18:44
242,11:18:53
243,11:19:01
244,11:19:31
245,11:20:00
246,11:20:04
247,11:20:08
248,11:20:10
249,11:20:32
250,11:20:36
251,11:20:43
252,11:20:43
253,11:20:44
254,11:20:51
255,11:21:31
256,11:21:44
257,11:21:47
258,11:21:47
259,11:22:28
260,11:22:49
261,11:22:50
262,11:23:22
263,11:23:35
264,11:23:41
265,11:23:43
266,11:23:44
267,11:24:18
268,11:24:49
269,11:24:53
270,11:25:07
271,11:25:56
272,11:26:01
273,11:26:16
274,11:26:23
275,11:27:08
276,11:27:38
277,11:28:11
278,11:28:22
279,11:29:00
280,11:29:04
281,11:29:07
282,11:29:13
283,11:29:14
284,11:29:17
285,11:29:50
286,11:30:14
287,11:30:15
288,11:30:20
289,11:30:33
290,11:30:41
291,11:30:42
292,11:30:52
293,11:30:59
294,11:31:08
295,11:31:23
296,11:31:26
297,11:31:44
298,11:31:59
299,11:32:26
300,11:32:26
301,11:32:27
302,11:32:32
303,11:32:33
304,11:33:00
305,11:33:29
306,11:33:38
307,11:33:47
308,11:33:51
309,11:34:03
310,11:34:04
311,11:34:31
312,11:34:35
313,11:34:46
314,11:35:20
315,11:35:41
316,11:35:44
317,11:35:46
318,11:35:48
319,11:35:51
320,11:35:58
321,11:36:12
322,11:36:15
323,11:36:16
324,11:36:18
325,11:36:35
326,11:36:46
327,11:36:54
328,11:37:11
329,11:37:45
330,11:37:48
331,11:38:02
332,11:38:06
333,11:38:09
334,11:38:17
335,11:38:19
336,11:38:26
337,11:38:30
338,11:38:50
339,11:39:17
340,11:39:42
341,11:39:53
342,11:40:14
343,11:40:21
344,11:40:30
345,11:40:44
346,11:41:04
347,11:41:25
348,11:41:51
349,11:42:10
350,11:42:18
351,11:42:20
352,11:42:22
353,11:42:43
354,11:42:49
355,11:42:49
356,11:42:57
357,11:43:05
358,11:43:10
359,11:43:14
360,11:43:15
361,11:43:36
362,11:43:49
363,11:43:49
364,11:44:00
365,11:44:01
366,11:44:09
367,11:44:28
368,11:44:30
369,11:44:36
370,11:44:47
371,11:44:51
372,11:45:11
373,11:45:27
374,11:45:32
375,11:45:53
376,11:46:06
377,11:46:13
378,11:46:20
379,11:46:24
380,11:46:24
381,11:46:57
382,11:46:57
383,11:47:02
384,11:47:07
385,11:47:17
386,11:47:21
387,11:47:23
388,11:47:34
389,11:47:35
390,11:47:56
391,11:48:04
392,11:48:17
393,11:48:22
394,11:48:26
395,11:48:41
396,11:48:47
397,11:48:47
398,11:48:50
399,11:48:57
400,11:49:15
401,11:49:22
402,11:49:26
403,11:49:32
404,11:49:53
405,11:49:56
406,11:49:57
407,11:50:02
408,11:50:13
409,11:50:45
410,11:51:33
411,11:51:45
412,11:51:46
413,11:51:47
414,11:52:03
415,11:52:19
416,11:52:24
417,11:52:24
418,11:52:41
419,11:52:41
420,11:52:51
421,11:52:54
422,11:53:07
423,11:53:28
424,11:53:29
425,11:53:32
426,11:53:54
427,11:54:05
428,11:54:20
429,11:54:31
430,11:54:32
431,11:54:44
432,11:54:59
433,11:55:02
434,11:55:04
435,11:55:05
436,11:55:22
437,11:55:24
438,11:55:36
439,11:55:44
440,11:55:58
441,11:56:09
442,11:56:17
443,11:56:21
444,11:56:40
445,11:56:41
446,11:56:52
447,11:57:01
448,11:57:04
449,11:57:12
450,11:57:27
451,11:57:27
452,11:57:36
453,11:57:41
454,11:57:48
455,11:57:59
456,11:58:21
457,11:58:45
458,11:58:50
459,11:58:53
460,11:58:56
461,11:59:07
462,11:59:16
463,11:59:17
464,11:59:23
465,11:59:49
466,11:59:56
467,11:59:56
468,12:00:08
469,12:00:12
470,12:00:30
471,12:00:38
472,12:01:03
473,12:01:04
474,12:01:10
475,12:01:10
476,12:01:21
477,12:01:36
478,12:01:39
479,12:01:40
480,12:02:02
481,12:02:04
482,12:02:10
483,12:02:11
484,12:02:20
485,12:02:36
486,12:02:38
487,12:03:22
488,12:03:33
489,12:03:35
490,12:03:36
491,12:03:44
492,12:03:49
493,12:03:52
494,12:03:57
495,12:04:13
496,12:04:18
497,12:04:34
498,12:04:40
499,12:04:41
500,12:04:57
501,12:04:57
502,12:05:11
503,12:05:15
504,12:05:17
505,12:05:25
506,12:05:31
507,12:05:38
508,12:05:47
509,12:06:22
510,12:07:04
511,12:07:11
512,12:07:16
513,12:07:33
514,12:07:36
515,12:08:14
516,12:08:17
517,12:08:19
518,12:08:20
519,12:08:36
520,12:08:54
521,12:09:07
522,12:09:12
523,12:09:14
524,12:09:16
525,12:09:23
526,12:09:28
527,12:09:41
528,12:09:46
529,12:10:12
530,12:10:13
531,12:10:17
532,12:10:25
533,12:10:36
534,12:10:45
535,12:11:14
536,12:11:18
537,12:11:27
538,12:11:27
539,12:11:51
540,12:11:54
541,12:11:58
542,12:12:00
543,12:12:05
544,12:12:06
545,12:12:15
546,12:12:19
547,12:12:21
548,12:12:48
549,12:12:49
550,12:12:53
551,12:12:54
552,12:13:06
553,12:13:16
554,12:13:58
555,12:14:06
556,12:14:17
557,12:14:17
558,12:14:18
559,12:14:24
560,12:14:31
561,12:14:33
562,12:14:47
563,12:14:57
564,12:15:10
565,12:15:15
566,12:15:33
567,12:15:34
568,12:15:44
569,12:16:18
570,12:16:23
571,12:16:25
572,12:16:32
573,12:16:43
574,12:17:05
575,12:17:08
576,12:17:19
577,12:17:36
578,12:18:01
579,12:18:06
580,12:18:18
581,12:18:20
582,12:18:32
583,12:18:37
584,12:18:45
585,12:19:18
586,12:19:20
587,12:19:44
588,12:19:49
589,12:20:12
590,12:20:29
591,12:20:30
592,12:20:34
593,12:20:39
594,12:20:41
595,12:20:43
596,12:20:44
597,12:20:57
598,12:20:58
599,12:21:00
600,12:21:01
601,12:21:03
602,12:21:05
603,12:21:11
604,12:21:14
605,12:21:14
606,12:21:24
607,12:21:46
608,12:21:48
609,12:22:11
610,12:22:14
611,12:22:17
612,12:22:46
613,12:22:58
614,12:23:12
615,12:23:25
616,12:23:28
617,12:23:29
618,12:23:41
619,12:24:00
620,12:24:02
621,12:24:05
622,12:24:11
623,12:24:17
624,12:24:18
625,12:24:19
626,12:24:26
627,12:24:53
628,12:25:03
629,12:25:10
630,12:25:13
631,12:25:15
632,12:25:19
633,12:25:50
634,12:25:50
635,12:26:04
636,12:26:04
637,12:26:11
638,12:26:11
639,12:26:15
640,12:26:24
641,12:26:30
642,12:26:42
643,12:26:52
644,12:26:55
645,12:26:57
646,12:27:00
647,12:27:20
648,12:27:20
649,12:27:22
650,12:27:40
651,12:27:43
652,12:27:43
653,12:27:48
654,12:27:58
655,12:28:02
656,12:28:02
657,12:28:16
658,12:28:46
659,12:29:01
660,12:29:01
661,12:29:07
662,12:29:11
663,12:29:20
664,12:29:42
665,12:29:52
666,12:29:53
667,12:29:57
668,12:29:59
669,12:30:00
670,12:30:03
671,12:30:05
672,12:30:30
673,12:30:35
674,12:30:40
675,12:30:49
676,12:31:13
677,12:31:22
678,12:31:33
679,12:31:34
680,12:31:34
681,12:31:36
682,12:31:58
683,12:32:02
684,12:32:08
685,12:32:09
686,12:32:10
687,12:32:20
688,12:32:21
689,12:32:23
690,12:32:41
691,12:32:53
692,12:33:12
693,12:33:14
694,12:33:19
695,12:33:24
696,12:33:31
697,12:33:33
698,12:33:42
699,12:33:53
700,12:34:08
701,12:34:09
702,12:34:14
703,12:34:18
704,12:34:40
705,12:34:47
706,12:34:52
707,12:34:52
708,12:34:54
709,12:35:20
710,12:35:24
711,12:35:31
712,12:35:43
713,12:35:43
714,12:35:46
715,12:35:51
716,12:35:52
717,12:35:54
718,12:35:55
719,12:36:06
720,12:36:11
721,12:36:26
722,12:36:42
723,12:36:56
724,12:36:56
725,12:37:02
726,12:37:03
727,12:37:09
728,12:37:19
729,12:37:23
730,12:37:25
731,12:37:26
732,12:37:30
733,12:37:30
734,12:37:33
735,12:37:34
736,12:37:34
737,12:37:34
738,12:38:12
739,12:38:58
740,12:39:04
741,12:39:38
742,12:39:47
743,12:39:51
744,12:39:55
745,12:40:08
746,12:40:11
747,12:40:23
748,12:40:23
749,12:40:25
750,12:40:37
751,12:40:39
752,12:40:45
753,12:41:08
754,12:41:13
755,12:41:37
756,12:41:46
757,12:42:03
758,12:42:09
759,12:42:19
760,12:42:20
761,12:42:21
762,12:42:24
763,12:42:36
764,12:42:43
765,12:42:57
766,12:42:57
767,12:42:58
768,12:43:00
769,12:43:04
770,12:43:13
771,12:43:20
772,12:43:21
773,12:43:26
774,12:43:34
775,12:43:48
776,12:43:52
777,12:44:17
778,12:44:23
779,12:44:27
780,12:44:27
781,12:44:34
782,12:44:35
783,12:45:00
784,12:45:06
785,12:45:15
786,12:45:21
787,12:45:21
788,12:45:22
789,12:45:27
790,12:45:40
791,12:45:41
792,12:45:52
793,12:45:55
794,12:46:01
795,12:46:12
796,12:46:20
797,12:46:25
798,12:46:28
799,12:46:32
800,12:46:35
801,12:46:37
802,12:46:46
803,12:46:51
804,12:46:52
805,12:46:53
806,12:47:03
807,12:47:08
808,12:47:08
809,12:47:12
810,12:47:14
811,12:47:14
812,12:47:17
813,12:47:43
814,12:47:43
815,12:47:50
816,12:47:58
817,12:48:00
818,12:48:03
819,12:48:16
820,12:48:22
821,12:48:34
822,12:48:39
823,12:48:45
824,12:48:54
825,12:48:56
826,12:49:00
827,12:49:03
828,12:49:05
829,12:49:06
830,12:49:33
831,12:49:34
832,12:49:36
833,12:49:45
834,12:49:45
835,12:49:47
836,12:50:07
837,12:50:21
838,12:50:27
839,12:50:29
840,12:50:46
841,12:50:47
842,12:50:51
843,12:51:09
844,12:51:18
845,12:51:24
846,12:51:56
847,12:52:04
848,12:52:08
849,12:52:14
850,12:52:16
851,12:52:28
852,12:52:34
853,12:52:36
854,12:52:37
855,12:52:38
856,12:52:38
857,12:52:47
858,12:52:51
859,12:52:51
860,12:52:55
861,12:52:57
862,12:52:58
863,12:53:00
864,12:53:04
865,12:53:08
866,12:53:21
867,12:53:24
868,12:53:32
869,12:53:53
870,12:54:00
871,12:54:01
872,12:54:21
873,12:54:22
874,12:54:27
875,12:54:43
876,12:55:07
877,12:55:08
878,12:55:12
879,12:55:17
880,12:55:20
881,12:55:25
882,12:55:35
883,12:55:45
884,12:55:56
885,12:55:56
886,12:55:58
887,12:55:59
888,12:56:10
889,12:56:14
890,12:56:15
891,12:56:15
892,12:56:33
893,12:56:35
894,12:56:49
895,12:56:54
896,12:56:56
897,12:57:03
898,12:57:09
899,12:57:30
900,12:57:30
901,12:57:32
902,12:57:32
903,12:57:38
904,12:57:42
905,12:57:46
906,12:57:50
907,12:57:51
908,12:57:53
909,12:57:54
910,12:58:10
911,12:58:18
912,12:58:19
913,12:58:24
914,12:58:32
915,12:58:33
916,12:58:43
917,12:58:50
918,12:58:53
919,12:58:55
920,12:58:59
921,12:59:02
922,12:59:08
923,12:59:11
924,12:59:13
925,12:59:13
926,12:59:41
927,12:59:50
928,12:59:55
929,13:00:02
930,13:00:05
931,13:00:26
932,13:00:27
933,13:00:30
934,13:00:30
935,13:00:30
936,13:00:48
937,13:00:49
938,13:01:02
939,13:01:05
940,13:01:07
941,13:01:08
942,13:01:18
943,13:01:26
944,13:02:00
945,13:02:06
946,13:02:18
947,13:02:21
948,13:02:21
949,13:02:29
950,13:02:41
951,13:02:43
952,13:02:46
953,13:02:47
954,13:02:50
955,13:02:59
956,13:03:19
957,13:03:19
958,13:03:38
959,13:03:44
960,13:03:52
961,13:03:58
962,13:03:59
963,13:04:02
964,13:04:03
965,13:04:26
966,13:04:34
967,13:04:46
968,13:04:47
969,13:04:50
970,13:04:54
971,13:04:58
972,13:05:05
973,13:05:07
974,13:05:36
975,13:05:38
976,13:05:51
977,13:06:04
978,13:06:09
979,13:06:16
980,13:06:21
981,13:06:30
982,13:06:34
983,13:06:40
984,13:06:55
985,13:07:03
986,13:07:14
987,13:07:26
988,13:07:46
989,13:08:01
990,13:08:10
991,13:08:15
992,13:08:29
993,13:08:31
994,13:08:34
995,13:08:39
996,13:08:51
997,13:08:55
998,13:09:12
999,13:09:32
1000,13:09:45
1001,13:09:55
1002,13:10:05
1003,13:10:07
1004,13:10:08
1005,13:10:09
1006,13:10:18
1007,13:10:26
1008,13:10:31
1009,13:10:39
1010,13:10:43
1011,13:10:46
1012,13:10:50
1013,13:10:53
1014,13:10:56
1015,13:11:07
1016,13:11:10
1017,13:11:27
1018,13:11:32
1019,13:11:38
1020,13:11:39
1021,13:11:46
1022,13:11:47
1023,13:11:47
1024,13:11:54
1025,13:11:58
1026,13:12:00
1027,13:12:01
1028,13:12:03
1029,13:12:12
1030,13:12:36
1031,13:12:39
1032,13:12:56
1033,13:13:01
1034,13:13:07
1035,13:13:12
1036,13:13:16
1037,13:13:18
1038,13:13:20
1039,13:13:45
1040,13:13:46
1041,13:13:55
1042,13:14:01
1043,13:14:10
1044,13:14:11
1045,13:14:15
1046,13:14:17
1047,13:14:21
1048,13:14:27
1049,13:14:28
1050,13:14:43
1051,13:14:59
1052,13:14:59
1053,13:15:00
1054,13:15:10
1055,13:15:24
1056,13:15:30
1057,13:15:32
1058,13:15:33
1059,13:15:46
1060,13:15:48
1061,13:15:49
1062,13:15:56
1063,13:15:58
1064,13:16:07
1065,13:16:29
1066,13:16:32
1067,13:16:37
1068,13:16:44
1069,13:16:54
1070,13:17:03
1071,13:17:08
1072,13:17:14
1073,13:17:21
1074,13:17:29
1075,13:17:32
1076,13:17:53
1077,13:17:59
1078,13:18:04
1079,13:18:07
1080,13:18:09
1081,13:18:14
1082,13:18:15
1083,13:18:30
1084,13:18:32
1085,13:18:38
1086,13:18:40
1087,13:18:41
1088,13:18:44
1089,13:18:45
1090,13:18:48
1091,13:19:01
1092,13:19:06
1093,13:19:06
1094,13:19:13
1095,13:19:16
1096,13:19:43
1097,13:19:48
1098,13:20:00
1099,13:20:06
1100,13:20:31
1101,13:20:32
1102,13:20:45
1103,13:21:16
1104,13:21:17
1105,13:21:28
1106,13:21:42
1107,13:21:42
1108,13:21:44
1109,13:22:01
1110,13:22:04
1111,13:22:04
1112,13:22:08
1113,13:22:08
1114,13:22:09
1115,13:22:14
1116,13:22:31
1117,13:22:33
1118,13:22:38
1119,13:22:58
1120,13:22:59
1121,13:23:11
1122,13:23:14
1123,13:23:14
1124,13:23:43
1125,13:23:52
1126,13:23:58
1127,13:24:02
1128,13:24:05
1129,13:24:15
1130,13:24:22
1131,13:24:48
1132,13:25:01
1133,13:25:07
1134,13:25:14
1135,13:25:33
1136,13:25:37
1137,13:25:48
1138,13:26:17
1139,13:26:18
1140,13:26:20
1141,13:26:26
1142,13:26:32
1143,13:26:54
1144,13:27:02
1145,13:27:07
1146,13:27:07
1147,13:27:15
1148,13:27:17
1149,13:27:19
1150,13:27:26
1151,13:27:31
1152,13:27:42
1153,13:27:55
1154,13:28:28
1155,13:28:29
1156,13:28:31
1157,13:28:53
1158,13:28:59
1159,13:29:08
1160,13:29:09
1161,13:29:19
1162,13:29:51
1163,13:30:10
1164,13:30:26
1165,13:30:30
1166,13:30:47
1167,13:30:48
1168,13:30:52
1169,13:30:52
1170,13:31:11
1171,13:31:14
1172,13:31:18
1173,13:31:26
1174,13:31:33
1175,13:31:40
1176,13:32:00
1177,13:32:21
1178,13:32:25
1179,13:32:28
1180,13:32:39
1181,13:32:40
1182,13:32:49
1183,13:32:51
1184,13:33:03
1185,13:33:10
1186,13:33:17
1187,13:33:43
1188,13:33:43
1189,13:33:43
1190,13:33:45
1191,13:33:46
1192,13:33:52
1193,13:33:54
1194,13:34:04
1195,13:34:08
1196,13:34:33
1197,13:34:41
1198,13:34:43
1199,13:34:50
1200,13:34:55
1201,13:35:39
1202,13:35:41
1203,13:35:44
1204,13:35:47
1205,13:35:54
1206,13:35:54
1207,13:35:56
1208,13:36:00
1209,13:36:18
1210,13:36:18
1211,13:36:45
1212,13:36:45
1213,13:36:46
1214,13:37:02
1215,13:37:11
1216,13:37:19
1217,13:37:25
1218,13:37:26
1219,13:37:27
1220,13:37:29
1221,13:37:40
1222,13:37:49
1223,13:37:55
1224,13:38:07
1225,13:38:10
1226,13:38:20
1227,13:38:21
1228,13:38:29
1229,13:38:35
1230,13:38:38
1231,13:38:44
1232,13:38:50
1233,13:39:20
1234,13:39:27
1235,13:39:33
1236,13:39:47
1237,13:39:52
1238,13:39:55
1239,13:39:58
1240,13:40:00
1241,13:40:07
1242,13:40:23
1243,13:40:23
1244,13:40:27
1245,13:40:30
1246,13:40:33
1247,13:40:50
1248,13:41:02
1249,13:41:18
1250,13:41:21
1251,13:41:33
1252,13:41:47
1253,13:42:05
1254,13:42:09
1255,13:42:10
1256,13:42:22
1257,13:42:31
1258,13:42:37
1259,13:42:38
1260,13:42:39
1261,13:42:42
1262,13:42:49
1263,13:42:50
1264,13:43:01
1265,13:43:09
1266,13:43:14
1267,13:43:17
1268,13:43:43
1269,13:43:45
1270,13:43:49
1271,13:43:51
1272,13:44:01
1273,13:44:02
1274,13:44:04
1275,13:44:13
1276,13:44:22
1277,13:44:25
1278,13:44:30
1279,13:44:31
1280,13:44:33
1281,13:44:33
1282,13:44:34
1283,13:44:35
1284,13:44:43
1285,13:44:48
1286,13:44:58
1287,13:45:08
1288,13:45:12
1289,13:45:14
1290,13:45:15
1291,13:45:21
1292,13:45:27
1293,13:45:35
1294,13:45:36
1295,13:45:38
1296,13:45:46
1297,13:45:49
1298,13:45:52
1299,13:45:56
1300,13:46:07
1301,13:46:09
1302,13:46:13
1303,13:46:13
1304,13:46:18
1305,13:46:19
1306,13:46:20
1307,13:46:23
1308,13:46:31
1309,13:46:33
1310,13:46:40
1311,13:46:44
1312,13:46:54
1313,13:46:56
1314,13:46:57
1315,13:46:58
1316,13:47:01
1317,13:47:01
1318,13:47:09
1319,13:47:16
1320,13:47:17
1321,13:47:28
1322,13:47:31
1323,13:47:32
1324,13:47:42
1325,13:47:46
1326,13:47:51
1327,13:47:51
1328,13:47:56
1329,13:47:59
1330,13:48:03
1331,13:48:11
1332,13:48:15
1333,13:48:21
1334,13:48:26
1335,13:48:36
1336,13:48:40
1337,13:48:54
1338,13:48:59
1339,13:49:06
1340,13:49:15
1341,13:49:51
1342,13:50:06
1343,13:50:12
1344,13:50:12
1345,13:50:20
1346,13:50:23
1347,13:50:27
1348,13:50:37
1349,13:50:38
1350,13:50:55
1351,13:50:55
1352,13:50:59
1353,13:51:00
1354,13:51:02
1355,13:51:03
1356,13:51:09
1357,13:51:28
1358,13:51:42
1359,13:51:45
1360,13:51:47
1361,13:51:51
1362,13:52:00
1363,13:52:03
1364,13:52:07
1365,13:52:08
1366,13:52:09
1367,13:52:13
1368,13:52:53
1369,13:52:59
1370,13:53:00
1371,13:53:04
1372,13:53:08
1373,13:53:21
1374,13:53:29
1375,13:53:38
1376,13:53:39
1377,13:53:44
1378,13:53:47
1379,13:53:50
1380,13:53:53
1381,13:53:53
1382,13:54:01
1383,13:54:04
1384,13:54:05
1385,13:54:08
1386,13:54:10
1387,13:54:12
1388,13:54:17
1389,13:54:22
1390,13:54:34
1391,13:54:42
1392,13:54:52
1393,13:55:18
1394,13:55:29
1395,13:55:37
1396,13:55:38
1397,13:55:43
1398,13:55:48
1399,13:56:03
1400,13:56:14
1401,13:56:18
1402,13:56:25
1403,13:56:30
1404,13:56:32
1405,13:56:43
1406,13:56:48
1407,13:56:50
1408,13:57:00
1409,13:57:03
1410,13:57:06
1411,13:57:13
1412,13:57:15
1413,13:57:16
1414,13:57:23
1415,13:57:38
1416,13:57:46
1417,13:58:01
1418,13:58:06
1419,13:58:18
1420,13:58:18
1421,13:58:24
1422,13:58:24
1423,13:58:31
1424,13:58:52
1425,13:59:02
1426,13:59:08
1427,13:59:17
1428,13:59:19
1429,13:59:20
1430,13:59:25
1431,13:59:31
1432,13:59:40
1433,14:00:00
1434,14:00:07
1435,14:00:12
1436,14:00:43
1437,14:00:47
1438,14:00:59
1439,14:01:04
1440,14:01:11
1441,14:01:21
1442,14:01:26
1443,14:01:30
1444,14:01:42
1445,14:02:03
1446,14:02:09
1447,14:02:10
1448,14:02:15
1449,14:02:18
1450,14:02:21
1451,14:02:22
1452,14:02:23
1453,14:02:23
1454,14:02:26
1455,14:02:28
1456,14:02:44
1457,14:03:07
1458,14:03:24
1459,14:03:26
1460,14:03:31
1461,14:03:37
1462,14:03:39
1463,14:03:40
1464,14:03:42
1465,14:03:42
1466,14:03:44
1467,14:03:44
1468,14:03:56
1469,14:04:09
1470,14:04:32
1471,14:05:13
1472,14:05:18
1473,14:05:34
1474,14:05:52
1475,14:05:59
1476,14:06:09
1477,14:06:16
1478,14:06:52
1479,14:07:29
1480,14:07:36
1481,14:07:59
1482,14:08:02
1483,14:08:19
1484,14:08:41
1485,14:08:50
1486,14:08:58
1487,14:09:01
1488,14:09:10
1489,14:09:32
1490,14:09:56
1491,14:10:08
1492,14:10:23
1493,14:10:28
1494,14:10:28
1495,14:10:34
1496,14:10:36
1497,14:10:36
1498,14:10:39
1499,14:10:45
1500,14:10:51
1501,14:11:01
1502,14:11:09
1503,14:11:10
1504,14:11:12
1505,14:11:13
1506,14:11:21
1507,14:11:30
1508,14:11:38
1509,14:11:43
1510,14:11:47
1511,14:11:47
1512,14:11:48
1513,14:12:25
1514,14:12:36
1515,14:12:38
1516,14:12:39
1517,14:12:56
1518,14:13:13
1519,14:13:15
1520,14:13:35
1521,14:13:50
1522,14:13:50
1523,14:13:59
1524,14:14:02
1525,14:14:22
1526,14:14:29
1527,14:14:40
1528,14:14:44
1529,14:14:49
1530,14:14:52
1531,14:14:53
1532,14:14:54
1533,14:14:58
1534,14:15:01
1535,14:15:09
1536,14:15:15
1537,14:15:21
1538,14:15:47
1539,14:15:55
1540,14:15:55
1541,14:15:56
1542,14:16:06
1543,14:16:07
1544,14:16:12
1545,14:16:13
1546,14:16:27
1547,14:16:27
1548,14:16:31
1549,14:16:37
1550,14:16:49
1551,14:16:52
1552,14:16:53
1553,14:17:02
1554,14:17:03
1555,14:17:04
1556,14:17:15
1557,14:17:38
1558,14:17:39
1559,14:17:42
1560,14:17:49
1561,14:17:50
1562,14:18:06
1563,14:18:09
1564,14:18:11
1565,14:18:20
1566,14:18:26
1567,14:18:32
1568,14:18:33
1569,14:18:44
1570,14:18:46
1571,14:19:41
1572,14:19:51
1573,14:19:54
1574,14:20:01
1575,14:20:26
1576,14:20:31
1577,14:20:51
1578,14:21:05
1579,14:21:13
1580,14:21:14
1581,14:21:17
1582,14:21:23
1583,14:21:25
1584,14:21:26
1585,14:21:33
1586,14:21:34
1587,14:21:41
1588,14:21:57
1589,14:21:57
1590,14:22:29
1591,14:22:35
1592,14:22:39
1593,14:22:40
1594,14:22:50
1595,14:22:53
1596,14:22:56
1597,14:23:07
1598,14:23:15
1599,14:23:17
1600,14:23:20
1601,14:23:29
1602,14:23:44
1603,14:23:45
1604,14:23:49
1605,14:23:52
1606,14:23:55
1607,14:24:09
1608,14:24:09
1609,14:24:12
1610,14:24:12
1611,14:24:13
1612,14:24:32
1613,14:24:37
1614,14:25:29
1615,14:25:30
1616,14:25:31
1617,14:25:43
1618,14:25:45
1619,14:25:57
1620,14:25:58
1621,14:25:58
1622,14:26:03
1623,14:26:06
1624,14:26:07
1625,14:26:13
1626,14:26:25
1627,14:26:27
1628,14:26:29
1629,14:26:37
1630,14:26:40
1631,14:26:42
1632,14:26:48
1633,14:27:08
1634,14:27:12
1635,14:27:13
1636,14:27:13
1637,14:27:28
1638,14:27:29
1639,14:27:51
1640,14:27:56
1641,14:27:59
1642,14:28:09
1643,14:28:14
1644,14:28:15
1645,14:28:17
1646,14:28:24
1647,14:28:34
1648,14:28:54
1649,14:29:05
1650,14:29:16
1651,14:29:34
1652,14:29:37
1653,14:29:37
1654,14:29:39
1655,14:29:47
1656,14:30:05
1657,14:30:11
1658,14:30:12
1659,14:30:16
1660,14:30:19
1661,14:30:22
1662,14:30:25
1663,14:30:50
1664,14:31:10
1665,14:31:13
1666,14:31:14
1667,14:31:31
1668,14:31:31
1669,14:31:36
1670,14:31:38
1671,14:31:45
1672,14:31:45
1673,14:31:51
1674,14:31:52
1675,14:31:55
1676,14:32:02
1677,14:32:39
1678,14:32:44
1679,14:32:44
1680,14:32:48
1681,14:33:02
1682,14:33:09
1683,14:33:10
1684,14:33:29
1685,14:33:45
1686,14:33:48
1687,14:33:51
1688,14:34:07
1689,14:34:31
1690,14:34:40
1691,14:34:47
1692,14:34:53
1693,14:35:10
1694,14:35:28
1695,14:35:29
1696,14:35:34
1697,14:35:34
1698,14:35:38
1699,14:35:39
1700,14:35:42
1701,14:35:49
1702,14:35:54
1703,14:36:08
1704,14:36:09
1705,14:36:14
1706,14:36:14
1707,14:36:25
1708,14:36:28
1709,14:36:32
1710,14:36:34
1711,14:36:39
1712,14:36:46
1713,14:36:58
1714,14:37:24
1715,14:37:35
1716,14:37:41
1717,14:38:12
1718,14:38:24
1719,14:38:26
1720,14:38:31
1721,14:38:32
1722,14:38:58
1723,14:39:10
1724,14:39:52
1725,14:40:02
1726,14:40:09
1727,14:40:09
1728,14:40:13
1729,14:40:20
1730,14:40:37
1731,14:40:45
1732,14:40:48
1733,14:40:56
1734,14:41:11
1735,14:41:39
1736,14:41:54
1737,14:42:10
1738,14:42:20
1739,14:42:24
1740,14:42:25
1741,14:42:31
1742,14:42:51
1743,14:42:52
1744,14:43:21
1745,14:43:24
1746,14:43:33
1747,14:43:45
1748,14:43:49
1749,14:43:54
1750,14:43:56
1751,14:44:11
1752,14:44:22
1753,14:44:49
1754,14:44:52
1755,14:44:52
1756,14:44:52
1757,14:44:52
1758,14:44:57
1759,14:45:12
1760,14:45:14
1761,14:45:23
1762,14:45:41
1763,14:45:51
1764,14:45:53
1765,14:45:54
1766,14:45:54
1767,14:45:55
1768,14:46:02
1769,14:46:04
1770,14:46:34
1771,14:46:44
1772,14:46:46
1773,14:46:47
1774,14:47:04
1775,14:47:11
1776,14:47:13
1777,14:47:25
1778,14:47:30
1779,14:47:41
1780,14:47:45
1781,14:47:55
1782,14:48:01
1783,14:48:10
1784,14:48:22
1785,14:49:01
1786,14:49:20
1787,14:49:25
1788,14:49:47
1789,14:50:01
1790,14:50:05
1791,14:50:48
1792,14:50:54
1793,14:50:57
1794,14:51:04
1795,14:51:10
1796,14:51:13
1797,14:51:15
1798,14:51:48
1799,14:51:55
1800,14:52:03
1801,14:52:05
1802,14:52:20
1803,14:52:30
1804,14:52:53
1805,14:52:55
1806,14:53:01
1807,14:53:09
1808,14:53:10
1809,14:53:13
1810,14:53:16
1811,14:53:18
1812,14:53:36
1813,14:53:38
1814,14:54:23
1815,14:54:31
1816,14:54:32
1817,14:54:42
1818,14:55:02
1819,14:55:56
1820,14:56:02
1821,14:56:23
1822,14:56:24
1823,14:56:37
1824,14:56:46
1825,14:56:50
1826,14:56:54
1827,14:57:46
1828,14:57:53
1829,14:58:00
1830,14:58:14
1831,14:58:19
1832,14:58:25
1833,14:58:30
1834,14:58:43
1835,14:58:51
1836,14:58:52
1837,14:58:58
1838,14:59:02
1839,14:59:07
1840,14:59:31
1841,14:59:40
1842,14:59:46
1843,14:59:48
1844,15:00:25
1845,15:00:26
1846,15:00:47
1847,15:00:50
1848,15:00:56
1849,15:01:17
1850,15:01:33
1851,15:02:11
1852,15:02:22
1853,15:02:25
1854,15:02:26
1855,15:02:34
1856,15:02:51
1857,15:03:19
1858,15:03:41
1859,15:03:51
1860,15:04:20
1861,15:04:33
1862,15:04:51
1863,15:04:57
1864,15:05:08
1865,15:05:22
1866,15:05:41
1867,15:05:46
1868,15:06:14
1869,15:06:15
1870,15:06:19
1871,15:06:27
1872,15:06:31
1873,15:06:50
1874,15:06:59
1875,15:07:01
1876,15:07:18
1877,15:07:18
1878,15:07:35
1879,15:07:56
1880,15:08:58
1881,15:09:04
1882,15:09:10
1883,15:09:14
1884,15:09:14
1885,15:09:14
1886,15:09:24
1887,15:09:33
1888,15:09:35
1889,15:09:50
1890,15:09:51
1891,15:09:53
1892,15:10:07
1893,15:10:17
1894,15:10:19
1895,15:10:43
1896,15:10:45
1897,15:10:49
1898,15:10:55
1899,15:11:20
1900,15:11:20
1901,15:11:46
1902,15:11:48
1903,15:12:02
1904,15:12:05
1905,15:12:12
1906,15:12:13
1907,15:12:21
1908,15:12:23
1909,15:12:31
1910,15:12:34
1911,15:12:57
1912,15:13:19
1913,15:13:43
1914,15:13:43
1915,15:13:43
1916,15:13:56
1917,15:14:11
1918,15:14:17
1919,15:14:44
1920,15:15:03
1921,15:15:09
1922,15:15:22
1923,15:15:35
1924,15:15:52
1925,15:15:59
1926,15:16:17
1927,15:16:25
1928,15:16:38
1929,15:16:52
1930,15:16:53
1931,15:17:04
1932,15:17:22
1933,15:17:39
1934,15:17:46
1935,15:17:58
1936,15:18:10
1937,15:18:20
1938,15:18:43
1939,15:18:45
1940,15:19:11
1941,15:19:19
1942,15:19:25
1943,15:19:31
1944,15:19:33
1945,15:19:35
1946,15:20:18
1947,15:20:25
1948,15:20:32
1949,15:21:08
1950,15:21:21
1951,15:21:36
1952,15:21:51
1953,15:22:06
1954,15:22:08
1955,15:22:40
1956,15:23:08
1957,15:23:39
1958,15:23:44
1959,15:23:50
1960,15:24:13
1961,15:24:16
1962,15:24:27
1963,15:24:28
1964,15:24:33
1965,15:24:36
1966,15:25:13
1967,15:25:19
1968,15:26:12
1969,15:26:26
1970,15:26:37
1971,15:26:46
1972,15:26:51
1973,15:27:11
1974,15:27:12
1975,15:27:55
1976,15:28:22
1977,15:28:42
1978,15:28:56
1979,15:29:16
1980,15:29:18
1981,15:29:22
1982,15:29:44
1983,15:29:46
1984,15:29:53
1985,15:30:03
1986,15:30:10
1987,15:30:16
1988,15:30:44
1989,15:31:11
1990,15:31:30
1991,15:31:50
1992,15:31:55
1993,15:32:03
1994,15:32:07
1995,15:32:18
1996,15:32:25
1997,15:32:31
1998,15:32:52
1999,15:32:55
2000,15:33:45
2001,15:34:13
2002,15:34:45
2003,15:34:48
2004,15:35:18
2005,15:35:53
2006,15:35:58
2007,15:36:26
2008,15:36:35
2009,15:36:37
2010,15:36:59
2011,15:37:00
2012,15:37:27
2013,15:37:31
2014,15:37:45
2015,15:38:15
2016,15:38:24
2017,15:38:29
2018,15:38:59
2019,15:39:24
2020,15:39:50
2021,15:39:58
2022,15:40:25
2023,15:40:27
2024,15:40:33
2025,15:40:43
2026,15:40:45
2027,15:41:04
2028,15:41:15
2029,15:41:18
2030,15:41:35
2031,15:41:44
2032,15:41:53
2033,15:42:00
2034,15:42:13
2035,15:42:19
2036,15:42:43
2037,15:42:53
2038,15:42:55
2039,15:43:08
2040,15:43:12
2041,15:43:19
2042,15:43:22
2043,15:43:41
2044,15:43:51
2045,15:44:32
2046,15:44:38
2047,15:45:06
2048,15:45:26
2049,15:45:27
2050,15:46:09
2051,15:46:22
2052,15:46:44
2053,15:47:04
2054,15:47:06
2055,15:47:22
2056,15:47:24
2057,15:47:37
2058,15:48:06
2059,15:48:45
2060,15:48:47
2061,15:48:47
2062,15:48:55
2063,15:49:04
2064,15:49:13
2065,15:49:14
2066,15:49:21
2067,15:49:22
2068,15:49:40
2069,15:49:42
2070,15:50:05
2071,15:50:40
2072,15:50:49
2073,15:51:10
2074,15:51:18
2075,15:51:18
2076,15:51:18
2077,15:52:14
2078,15:52:22
2079,15:52:30
2080,15:52:39
2081,15:52:40
2082,15:52:56
2083,15:53:30
2084,15:53:32
2085,15:53:40
2086,15:53:59
2087,15:54:39
2088,15:54:49
2089,15:55:02
2090,15:55:59
2091,15:56:39
2092,15:56:44
2093,15:56:45
2094,15:56:47
2095,15:57:10
2096,15:57:15
2097,15:57:23
2098,15:57:24
2099,15:57:43
2100,15:58:40
2101,15:59:05
2102,15:59:06
2103,15:59:17
2104,15:59:28
2105,15:59:46
2106,16:00:06
2107,16:00:09
2108,16:00:29
2109,16:00:56
2110,16:01:51
2111,16:02:13
2112,16:02:40
2113,16:02:49
2114,16:03:02
2115,16:04:16
2116,16:04:19
2117,16:04:20
2118,16:04:37
2119,16:05:49
2120,16:05:54
2121,16:06:15
2122,16:06:25
2123,16:06:29
2124,16:06:34
2125,16:06:50
2126,16:07:01
2127,16:07:08
2128,16:07:19
2129,16:08:10
2130,16:09:12
2131,16:09:42
2132,16:10:51
2133,16:11:33
2134,16:11:38
2135,16:11:51
2136,16:12:26
2137,16:13:21
2138,16:14:14
2139,16:14:20
2140,16:14:54
2141,16:14:54
2142,16:14:58
2143,16:14:58
2144,16:14:59
2145,16:15:23
2146,16:15:32
2147,16:15:38
2148,16:15:47
2149,16:15:58
2150,16:16:00
2151,16:16:50
2152,16:16:56
2153,16:16:56
2154,16:17:47
2155,16:17:54
2156,16:18:05
2157,16:18:18
2158,16:18:19
2159,16:18:40
2160,16:18:47
2161,16:19:28
2162,16:19:50
2163,16:19:56
2164,16:20:24
2165,16:20:33
2166,16:20:49
2167,16:20:54
2168,16:21:13
2169,16:21:13
2170,16:21:31
2171,16:22:02
2172,16:22:05
2173,16:22:23
2174,16:22:48
2175,16:22:49
2176,16:23:02
2177,16:23:18
2178,16:23:42
2179,16:23:48
2180,16:23:54
2181,16:24:01
2182,16:24:41
2183,16:24:49
2184,16:25:11
2185,16:25:42
2186,16:25:59
2187,16:26:10
2188,16:26:10
2189,16:26:49
2190,16:27:14
2191,16:27:33
2192,16:27:59
2193,16:28:20
2194,16:28:24
2195,16:28:52
2196,16:28:57
2197,16:29:43
2198,16:29:46
2199,16:29:53
2200,16:29:55
2201,16:29:59
2202,16:30:02
2203,16:30:14
2204,16:30:18
2205,16:30:27
2206,16:30:39
2207,16:30:45
2208,16:30:55
2209,16:32:02
2210,16:32:09
2211,16:33:03
2212,16:33:22
2213,16:33:27
2214,16:33:56
2215,16:33:57
2216,16:34:04
2217,16:34:08
2218,16:34:18
2219,16:34:52
2220,16:35:02
2221,16:35:15
2222,16:36:14
2223,16:36:34
2224,16:37:11
2225,16:37:31
2226,16:37:39
2227,16:37:48
2228,16:38:03
2229,16:38:46
2230,16:39:05
2231,16:39:12
2232,16:40:35
2233,16:41:04
2234,16:41:08
2235,16:41:17
2236,16:42:22
2237,16:42:45
2238,16:43:15
2239,16:43:31
2240,16:43:52
2241,16:43:54
2242,16:44:08
2243,16:44:49
2244,16:45:40
2245,16:45:50
2246,16:46:11
2247,16:48:05
2248,16:48:35
2249,16:49:02
2250,16:49:05
2251,16:49:11
2252,16:50:03
2253,16:50:05
2254,16:50:26
2255,16:50:34
2256,16:50:48
2257,16:51:34
2258,16:52:01
2259,16:52:02
2260,16:52:37
2261,16:52:46
2262,16:53:07
2263,16:53:29
2264,16:53:42
2265,16:54:14
2266,16:54:47
2267,16:55:56
2268,16:56:03
2269,16:56:07
2270,16:56:16
2271,16:56:47
2272,16:57:24
2273,16:57:37
2274,16:59:20
2275,16:59:34
2276,17:00:01
2277,17:00:26
2278,17:00:51
2279,17:00:56
2280,17:02:01
2281,17:02:15
2282,17:02:35
2283,17:02:41
2284,17:03:59
2285,17:04:06
2286,17:04:15
2287,17:05:33
2288,17:05:42
2289,17:07:39
2290,17:07:56
2291,17:08:12
2292,17:09:48
2293,17:11:04
2294,17:11:43
2295,17:14:20
2296,17:14:49
2297,17:18:16
2298,17:21:45
2299,17:21:45
2300,17:26:32
2301,17:29:14
2302,17:29:45
2303,DNF
2304,DNF
2305,DNF
2306,DNF
2307,DNF
2308,DNF
2309,DNF
2310,DNF
2311,DNF
2312,DNF
2313,DNF
2314,DNF
2315,DNF
2316,DNF
2317,DNF
2318,DNF
2319,DNF
2320,DNF
2321,DNF
2322,DNF
2323,DNF
2324,DNF
2325,DNF
2326,DNF
2327,DNF
2328,DNF
2329,DNF
2330,DNF
2331,DNF
2332,DNF
2333,DNF
2334,DNF
2335,DNF
2336,DNF
2337,DNF
2338,DNF
2339,DNF
2340,DNF
2341,DNF
2342,DNF
2343,DNF
2344,DNF
2345,DNF
2346,DNF
2347,DNF
2348,DNF
2349,DNF
2350,DNF
2351,DNF
2352,DNF
2353,DNF
2354,DNF
2355,DNF
2356,DNF
2357,DNF
2358,DNF
2359,DNF
2360,DNF
2361,DNF
2362,DNF
2363,DNF
2364,DNF
2365,DNF
2366,DNF
2367,DNF
2368,DNF
2369,DNF
2370,DNF
2371,DNF
2372,DNF
2373,DNF
2374,DNF
2375,DNF
2376,DNF
2377,DNF
2378,DNF
2379,DNF
2380,DNF
2381,DNF
2382,DNF
2383,DNF
2384,DNF
2385,DNF
2386,DNF
2387,DNF
2388,DNF
2389,DNF
2390,DNF
2391,DNF
2392,DNF
2393,DNF
2394,DNF
2395,DNF
2396,DNF
2397,DNF
2398,DNF
2399,DNF
2400,DNF
2401,DNF
2402,DNF
2403,DNF
2404,DNF
2405,DNF
2406,DNF
2407,DNF
2408,DNF
2409,DNF
2410,DNF
2411,DNF
2412,DNF
2413,DNF
2414,DNF
2415,DNF
2416,DNF
2417,DNF
2418,DNF
2419,DNF
2420,DNF
2421,DNF
2422,DNF
2423,DNF
2424,DNF
2425,DNF
2426,DNF
2427,DNF
2428,DNF
2429,DNF
2430,DNF
2431,DNF
2432,DNF
2433,DNF
2434,DNF
2435,DNF
2436,DNF
2437,DNF
2438,DNF
2439,DNF
2440,DNF
